,goal,model_investment
0,home,1550.6938011994614
1,vacation,234.20432280695562
2,wedding,377.73395520309845
3,retirement,891.1
